{"version": "1", "message": "ERROR: Hidden Testcases server unreachable.", "problem_id": "ads2_m4_a1_1", "user_id": "KusumaNavya", "score": {"sample": {"0": {"execution_time": 0.3481483459472656, "passed": true}, "1": {"execution_time": 0.3130824565887451, "passed": true}, "2": {"execution_time": 0.3477458953857422, "passed": true}, "3": {"execution_time": 0.3893394470214844, "passed": true}, "4": {"execution_time": 0.30145692825317383, "passed": true}, "5": {"execution_time": 0.46535563468933105, "passed": true}, "6": {"execution_time": 0.48490357398986816, "passed": true}, "7": {"execution_time": 0.4730644226074219, "passed": true}, "8": {"execution_time": 0.4533267021179199, "passed": true}, "9": {"execution_time": 0.402174711227417, "passed": true}, "10": {"execution_time": 0.43132925033569336, "passed": true}, "11": {"execution_time": 0.41794347763061523, "passed": true}, "12": {"execution_time": 0.3556218147277832, "passed": true}, "13": {"execution_time": 2.1843106746673584, "passed": true}, "14": {"execution_time": 0.4436798095703125, "passed": true}}}, "check_style_score": "0/1"}