{"version": "1", "message": "ERROR: Hidden Testcases server unreachable.", "problem_id": "ads2_m4_a1_1", "user_id": "KusumaNavya", "score": {"sample": {"0": {"execution_time": 0.34186339378356934, "passed": true}, "1": {"execution_time": 0.3530857563018799, "passed": true}, "2": {"execution_time": 0.3470487594604492, "passed": true}, "3": {"execution_time": 0.4540853500366211, "passed": true}, "4": {"execution_time": 0.28942370414733887, "passed": true}, "5": {"execution_time": 0.3266026973724365, "passed": true}, "6": {"execution_time": 0.2886793613433838, "passed": true}, "7": {"execution_time": 0.30395984649658203, "passed": true}, "8": {"execution_time": 0.36219310760498047, "passed": true}, "9": {"execution_time": 0.2669103145599365, "passed": true}, "10": {"execution_time": 0.29472970962524414, "passed": true}, "11": {"execution_time": 0.275585412979126, "passed": true}, "12": {"execution_time": 0.2339637279510498, "passed": true}, "13": {"execution_time": 1.0375826358795166, "passed": true}, "14": {"execution_time": 0.31230616569519043, "passed": true}}}, "check_style_score": "0/1"}