{"version": "1", "message": "ERROR: Hidden Testcases server unreachable.", "problem_id": "ads2_m4_a1_1", "user_id": "KusumaNavya", "score": {"sample": {"0": {"execution_time": 0.3169288635253906, "passed": true}, "1": {"execution_time": 0.3540310859680176, "passed": true}, "2": {"execution_time": 0.369248628616333, "passed": true}, "3": {"execution_time": 0.323840856552124, "passed": true}, "4": {"execution_time": 0.3500854969024658, "passed": true}, "5": {"execution_time": 0.32181620597839355, "passed": true}, "6": {"execution_time": 0.2837347984313965, "passed": true}, "7": {"execution_time": 0.36958885192871094, "passed": true}, "8": {"execution_time": 0.4658052921295166, "passed": true}, "9": {"execution_time": 0.32535457611083984, "passed": true}, "10": {"execution_time": 0.2048499584197998, "passed": true}, "11": {"execution_time": 0.4044308662414551, "passed": true}, "12": {"execution_time": 0.3973665237426758, "passed": true}, "13": {"execution_time": 1.2359933853149414, "passed": true}, "14": {"execution_time": 0.39581942558288574, "passed": true}}}, "check_style_score": "0/1"}