{"version": "1", "message": "ERROR: Hidden Testcases server unreachable.", "problem_id": "ads2_m4_a1_1", "user_id": "KusumaNavya", "score": {"sample": {"0": {"execution_time": 0.3040914535522461, "passed": true}, "1": {"execution_time": 0.3993947505950928, "passed": true}, "2": {"execution_time": 0.30739521980285645, "passed": true}, "3": {"execution_time": 0.39591002464294434, "passed": true}, "4": {"execution_time": 0.38524723052978516, "passed": true}, "5": {"execution_time": 0.3365786075592041, "passed": true}, "6": {"execution_time": 0.3738412857055664, "passed": true}, "7": {"execution_time": 0.3714609146118164, "passed": true}, "8": {"execution_time": 0.30686283111572266, "passed": true}, "9": {"execution_time": 0.3384573459625244, "passed": true}, "10": {"execution_time": 0.31762075424194336, "passed": true}, "11": {"execution_time": 0.22625946998596191, "passed": true}, "12": {"execution_time": 0.29434895515441895, "passed": true}, "13": {"execution_time": 1.048492670059204, "passed": true}, "14": {"execution_time": 0.36680173873901367, "passed": true}}}, "check_style_score": "0/1"}