{"version": "1", "message": "ERROR: Hidden Testcases server unreachable.", "problem_id": "ads2_m16_a1_1", "user_id": "KusumaNavya", "score": {"sample": {"0": {"execution_time": 0.33135437965393066, "passed": false}, "1": {"execution_time": 0.34028029441833496, "passed": false}, "2": {"execution_time": 0.6095905303955078, "passed": false}, "3": {"execution_time": 0.6519334316253662, "passed": false}, "4": {"execution_time": 0.749152660369873, "passed": false}, "5": {"execution_time": 0.8397562503814697, "passed": false}, "6": {"execution_time": 0.8691840171813965, "passed": false}, "7": {"execution_time": 0.8731625080108643, "passed": false}, "8": {"execution_time": 0.39291882514953613, "passed": false}, "9": {"execution_time": 0.8556492328643799, "passed": false}, "10": {"execution_time": 0.833707332611084, "passed": false}, "11": {"execution_time": 0.2926342487335205, "passed": false}, "12": {"execution_time": 0.6895880699157715, "passed": false}, "13": {"execution_time": 0.259326696395874, "passed": true}, "14": {"execution_time": 0.6098959445953369, "passed": false}, "15": {"execution_time": 0.6439292430877686, "passed": false}, "16": {"execution_time": 0.30310630798339844, "passed": false}, "17": {"execution_time": 0.3207433223724365, "passed": false}, "18": {"execution_time": 0.29039669036865234, "passed": false}, "19": {"execution_time": 0.3230867385864258, "passed": false}, "20": {"execution_time": 0.30799412727355957, "passed": false}, "21": {"execution_time": 0.31266069412231445, "passed": false}, "22": {"execution_time": 0.30883049964904785, "passed": false}, "23": {"execution_time": 0.28360438346862793, "passed": false}, "24": {"execution_time": 0.2041797637939453, "passed": true}, "25": {"execution_time": 0.5616588592529297, "passed": false}, "26": {"execution_time": 0.4873771667480469, "passed": false}, "27": {"execution_time": 0.6714837551116943, "passed": false}, "28": {"execution_time": 1.0941452980041504, "passed": false}, "29": {"execution_time": 0.29196715354919434, "passed": false}}}, "check_style_score": "0/1"}