{"version": "1", "message": "ERROR: Hidden Testcases server unreachable.", "problem_id": "ads2_m16_a1_1", "user_id": "KusumaNavya", "score": {"sample": {"0": {"execution_time": 0.2955491542816162, "passed": false}, "1": {"execution_time": 0.42929792404174805, "passed": false}, "2": {"execution_time": 0.651179313659668, "passed": false}, "3": {"execution_time": 0.5662274360656738, "passed": false}, "4": {"execution_time": 0.5887064933776855, "passed": false}, "5": {"execution_time": 0.6564507484436035, "passed": false}, "6": {"execution_time": 0.5835103988647461, "passed": false}, "7": {"execution_time": 0.6366806030273438, "passed": false}, "8": {"execution_time": 0.3276503086090088, "passed": false}, "9": {"execution_time": 0.6233229637145996, "passed": false}, "10": {"execution_time": 0.6167182922363281, "passed": false}, "11": {"execution_time": 0.3655252456665039, "passed": false}, "12": {"execution_time": 0.6942098140716553, "passed": false}, "13": {"execution_time": 0.31946563720703125, "passed": false}, "14": {"execution_time": 0.6790025234222412, "passed": false}, "15": {"execution_time": 0.6615512371063232, "passed": false}, "16": {"execution_time": 0.6698992252349854, "passed": false}, "17": {"execution_time": 0.4815549850463867, "passed": false}, "18": {"execution_time": 0.4426698684692383, "passed": false}, "19": {"execution_time": 0.37335824966430664, "passed": false}, "20": {"execution_time": 0.6011707782745361, "passed": false}, "21": {"execution_time": 0.5467979907989502, "passed": false}, "22": {"execution_time": 0.541496992111206, "passed": false}, "23": {"execution_time": 0.5401277542114258, "passed": false}, "24": {"execution_time": 0.42268824577331543, "passed": false}, "25": {"execution_time": 1.1783242225646973, "passed": false}, "26": {"execution_time": 0.9567914009094238, "passed": false}, "27": {"execution_time": 1.147674798965454, "passed": false}, "28": {"execution_time": 1.9717552661895752, "passed": false}, "29": {"execution_time": 0.5582032203674316, "passed": false}}}, "check_style_score": "0/1"}