{"version": "1", "message": "ERROR: Hidden Testcases server unreachable.", "problem_id": "ads2_m16_a1_1", "user_id": "KusumaNavya", "score": {"sample": {"0": {"execution_time": 0.4163384437561035, "passed": false}, "1": {"execution_time": 0.3147907257080078, "passed": false}, "2": {"execution_time": 0.6141984462738037, "passed": false}, "3": {"execution_time": 0.6136224269866943, "passed": false}, "4": {"execution_time": 0.6831717491149902, "passed": false}, "5": {"execution_time": 0.6583225727081299, "passed": false}, "6": {"execution_time": 0.7836275100708008, "passed": false}, "7": {"execution_time": 0.6400561332702637, "passed": false}, "8": {"execution_time": 0.593512773513794, "passed": false}, "9": {"execution_time": 0.6240532398223877, "passed": false}, "10": {"execution_time": 0.6398353576660156, "passed": false}, "11": {"execution_time": 0.30948591232299805, "passed": false}, "12": {"execution_time": 0.7167723178863525, "passed": false}, "13": {"execution_time": 0.333789587020874, "passed": false}, "14": {"execution_time": 0.5894627571105957, "passed": false}, "15": {"execution_time": 0.6614701747894287, "passed": false}, "16": {"execution_time": 0.47960376739501953, "passed": false}, "17": {"execution_time": 0.3965144157409668, "passed": false}, "18": {"execution_time": 0.395521879196167, "passed": false}, "19": {"execution_time": 0.3559842109680176, "passed": false}, "20": {"execution_time": 0.5506834983825684, "passed": false}, "21": {"execution_time": 0.44634246826171875, "passed": false}, "22": {"execution_time": 0.4145927429199219, "passed": false}, "23": {"execution_time": 0.3279237747192383, "passed": false}, "24": {"execution_time": 0.3557262420654297, "passed": false}, "25": {"execution_time": 0.6517879962921143, "passed": false}, "26": {"execution_time": 0.6834926605224609, "passed": false}, "27": {"execution_time": 0.6045382022857666, "passed": false}, "28": {"execution_time": 1.1804845333099365, "passed": false}, "29": {"execution_time": 0.38420963287353516, "passed": false}}}, "check_style_score": "0/1"}